symbol,price,volume,percent_change,dollar_volume,day_range,timestamp,trades,avg_volume_5d,avg_range_5d,volume_surge_detected,volume_surge_ratio
OPEN,4.02,7252483,-14.194236926360729,29154981.659999996,1.0099999999999998,2025-08-27T00:00:00-04:00,,10364037.8,1.092,False,
LCID,2.085,2194033,-1.4184397163120683,4574558.805,0.08000000000000007,2025-08-27T00:00:00-04:00,,2946056.2,0.085,False,
RR,3.285,1990656,3.6277602523659374,6539304.96,0.835,2025-08-27T00:00:00-04:00,,1124763.2,0.4620000000000001,False,
TLRY,1.375,1322547,-5.498281786941585,1818502.125,0.09499999999999997,2025-08-27T00:00:00-04:00,,1725626.4,0.12799999999999997,False,
IQ,2.355,1091518,0.856531049250536,2570524.89,0.08499999999999996,2025-08-27T00:00:00-04:00,,1020861.4,0.10700000000000012,False,
BITF,1.34,799630,3.4749034749034866,1071504.2,0.08000000000000007,2025-08-27T00:00:00-04:00,,493280.6,0.06899999999999999,False,
PSNY,1.31,754938,18.552036199095028,988968.78,0.30499999999999994,2025-08-27T00:00:00-04:00,,206189.0,0.07999999999999999,False,
HIVE,2.935,674553,3.1634446397187994,1979813.055,0.2200000000000002,2025-08-27T00:00:00-04:00,,604425.2,0.19700000000000015,False,
SKBL,0.8127,528757,57.805825242718434,429720.8139,0.5127999999999999,2025-08-27T00:00:00-04:00,,108654.6,0.11611999999999997,False,
FLNT,2.44,507523,8.444444444444441,1238356.1199999999,0.7200000000000002,2025-08-27T00:00:00-04:00,,101873.6,0.22600000000000003,False,
GRAB,4.95,481107,-0.8016032064128262,2381479.65,0.07999999999999918,2025-08-27T00:00:00-04:00,,857919.2,0.10199999999999979,False,
CGC,1.515,458848,3.0612244897959133,695154.72,0.125,2025-08-27T00:00:00-04:00,,532075.6,0.10900000000000003,False,
MNKD,4.53,386219,11.029411764705886,1749572.07,0.40500000000000025,2025-08-27T00:00:00-04:00,,283106.6,0.21100000000000002,False,
AKBA,3.0,347085,-2.9126213592232966,1041255.0,0.16000000000000014,2025-08-27T00:00:00-04:00,,233921.0,0.1370000000000001,False,
BTBT,2.73,316669,-2.4999999999999947,864506.37,0.08499999999999996,2025-08-27T00:00:00-04:00,,453473.0,0.12500000000000008,False,
IOVA,2.41,315486,-1.2295081967213035,760321.26,0.13500000000000023,2025-08-27T00:00:00-04:00,,378738.4,0.175,False,
NAMI,1.38,300442,33.98058252427183,414609.95999999996,0.94,2025-08-27T00:00:00-04:00,,60226.8,0.188,False,
NVDD,4.06,291043,0.12330456226880132,1181634.5799999998,0.0600000000000005,2025-08-27T00:00:00-04:00,,501922.6,0.08200000000000038,False,
PSEC,2.9,282807,1.7543859649122744,820140.2999999999,0.125,2025-08-27T00:00:00-04:00,,194621.0,0.07799999999999985,False,
GPRO,1.695,266462,-5.3072625698324005,451653.09,0.135,2025-08-27T00:00:00-04:00,,369214.4,0.21600000000000005,False,
ALT,3.66,251673,6.705539358600582,921123.18,0.23999999999999977,2025-08-27T00:00:00-04:00,,132832.2,0.1429999999999998,False,
GERN,1.4,247588,-3.7800687285223478,346623.19999999995,0.06000000000000005,2025-08-27T00:00:00-04:00,,268372.0,0.05799999999999996,False,
ABAT,2.61,243330,-4.744525547445268,635091.2999999999,0.18999999999999995,2025-08-27T00:00:00-04:00,,259597.8,0.21100000000000013,False,
CAN,0.75,239632,-0.5568814638027024,179724.0,0.01990000000000003,2025-08-27T00:00:00-04:00,,220731.2,0.03756000000000002,False,
ESPR,2.185,238807,-0.22831050228310015,521793.295,0.07000000000000028,2025-08-27T00:00:00-04:00,,205546.6,0.08999999999999994,False,
AREC,2.18,232608,4.306220095693795,507085.44000000006,0.3799999999999999,2025-08-27T00:00:00-04:00,,151143.0,0.317,False,
BTAI,3.965,230461,-24.18738049713194,913777.865,1.2099999999999995,2025-08-27T00:00:00-04:00,,75506.2,0.6929999999999997,False,
GOSS,2.46,219778,-2.3809523809523827,540653.88,0.18999999999999995,2025-08-27T00:00:00-04:00,,197070.8,0.1850000000000001,False,
ETHZ,2.985,218379,-4.326923076923085,651861.315,0.5500000000000003,2025-08-27T00:00:00-04:00,,381381.2,0.5550000000000003,False,
FFAI,2.39,204504,4.36681222707424,488764.56,0.14000000000000012,2025-08-27T00:00:00-04:00,,298789.6,0.17099999999999999,False,
GEVO,1.775,181788,0.8522727272727216,322673.7,0.0950000000000002,2025-08-27T00:00:00-04:00,,144043.4,0.09700000000000006,False,
GDRX,4.51,170188,3.917050691244238,767547.88,0.13999999999999968,2025-08-27T00:00:00-04:00,,182334.4,0.22200000000000025,False,
SNDL,2.54,169429,2.626262626262624,430349.66000000003,0.1599999999999997,2025-08-27T00:00:00-04:00,,128992.4,0.11099999999999995,False,
KOPN,2.17,168450,-1.3636363636363749,365536.5,0.10500000000000043,2025-08-27T00:00:00-04:00,,129526.8,0.1410000000000001,False,
ATAI,4.57,166840,-5.480868665977242,762458.8,0.2549999999999999,2025-08-27T00:00:00-04:00,,345736.4,0.47400000000000003,False,
PACB,1.325,166526,0.3787878787878707,220646.94999999998,0.040000000000000036,2025-08-27T00:00:00-04:00,,214049.2,0.062000000000000055,False,
AGRI,2.43,165836,-13.676731793960917,402981.48000000004,0.4299999999999997,2025-08-27T00:00:00-04:00,,33718.8,0.1259999999999999,False,
CLOV,2.685,153980,0.7504690431519707,413436.3,0.040000000000000036,2025-08-27T00:00:00-04:00,,192679.2,0.10200000000000005,False,
EVGO,4.05,139715,1.758793969849242,565845.75,0.14500000000000046,2025-08-27T00:00:00-04:00,,136509.6,0.15100000000000016,False,
IVVD,0.8724,138548,-16.115384615384624,120869.27519999999,0.31289999999999996,2025-08-27T00:00:00-04:00,,498709.6,0.16182000000000002,False,
APPS,4.18,133612,-2.107728337236531,558498.1599999999,0.23500000000000032,2025-08-27T00:00:00-04:00,,106703.0,0.242,False,
AQB,0.898,132808,18.251250987621816,119261.584,0.07889999999999997,2025-08-27T00:00:00-04:00,,26681.6,0.015779999999999995,False,
LAZR,1.84,131000,-0.540540540540541,241040.0,0.08999999999999986,2025-08-27T00:00:00-04:00,,130378.6,0.10099999999999998,False,
NFE,2.6,129278,1.1673151750972859,336122.8,0.20999999999999996,2025-08-27T00:00:00-04:00,,247772.4,0.246,False,
AUTL,1.57,126046,-2.1806853582554466,197892.22,0.050000000000000044,2025-08-27T00:00:00-04:00,,100558.6,0.08799999999999994,False,
ALLR,1.57,122363,9.790209790209799,192109.91,0.2999999999999998,2025-08-27T00:00:00-04:00,,1505516.2,0.24903999999999993,False,
VERI,3.05,117707,4.452054794520544,359006.35,0.34499999999999975,2025-08-27T00:00:00-04:00,,84864.6,0.2419999999999999,False,
MRVI,2.325,115706,-4.123711340206171,269016.45,0.1900000000000004,2025-08-27T00:00:00-04:00,,71705.2,0.1,False,
HCAT,3.69,112635,5.128205128205133,415623.14999999997,0.3900000000000001,2025-08-27T00:00:00-04:00,,73525.2,0.22800000000000012,False,
SVRA,3.29,112190,-0.9036144578313196,369105.1,0.1499999999999999,2025-08-27T00:00:00-04:00,,117272.2,0.18599999999999994,False,
EU,2.275,105817,-3.601694915254236,240733.675,0.08499999999999996,2025-08-27T00:00:00-04:00,,249925.0,0.10600000000000005,False,
CDXS,2.67,105313,1.3282732447817893,281185.71,0.0900000000000003,2025-08-27T00:00:00-04:00,,76179.4,0.13799999999999998,False,
BLDP,2.025,102953,-2.1739130434782576,208479.82499999998,0.050000000000000044,2025-08-27T00:00:00-04:00,,121721.2,0.077,False,
BLNE,1.55,101999,5.442176870748304,158098.45,0.5099999999999998,2025-08-27T00:00:00-04:00,,28814.2,0.17099999999999999,False,
UROY,3.03,101784,-1.3029315960912065,308405.51999999996,0.1299999999999999,2025-08-27T00:00:00-04:00,,175848.0,0.14300000000000007,False,
PROP,2.5,99537,-6.542056074766349,248842.5,0.14500000000000002,2025-08-27T00:00:00-04:00,,112522.6,0.15299999999999994,False,
ALLO,1.155,99343,-0.4310344827586115,114741.16500000001,0.04499999999999993,2025-08-27T00:00:00-04:00,,144222.0,0.07100000000000004,False,
NB,4.64,96858,1.3100436681222623,449421.12,0.6549999999999994,2025-08-27T00:00:00-04:00,,65636.8,0.4099999999999997,False,
AQST,3.84,95718,-1.412066752246474,367557.12,0.29000000000000004,2025-08-27T00:00:00-04:00,,77829.4,0.18800000000000008,False,
MIST,1.765,93110,5.0595238095238075,164339.15,0.07000000000000006,2025-08-27T00:00:00-04:00,,42599.2,0.06100000000000003,False,
TBLA,3.385,91759,1.9578313253012032,310604.21499999997,0.040000000000000036,2025-08-27T00:00:00-04:00,,95195.6,0.07600000000000007,False,
IMAB,4.49,90400,-12.984496124031006,405896.0,0.46999999999999975,2025-08-27T00:00:00-04:00,,105074.0,0.5649999999999997,False,
DNUT,3.595,90017,-3.8770053475935833,323611.115,0.2699999999999996,2025-08-27T00:00:00-04:00,,136845.2,0.2009999999999999,False,
INDI,4.635,88816,0.0,411662.16,0.15500000000000025,2025-08-27T00:00:00-04:00,,106069.6,0.1990000000000002,False,
CRON,2.56,84156,0.5893909626719106,215439.36000000002,0.06999999999999984,2025-08-27T00:00:00-04:00,,150141.8,0.09399999999999994,False,
OSUR,3.34,80611,-4.297994269340984,269240.74,0.20999999999999996,2025-08-27T00:00:00-04:00,,58991.4,0.21099999999999994,False,
IRBT,3.65,80590,-1.8817204301075345,294153.5,0.28500000000000014,2025-08-27T00:00:00-04:00,,42267.4,0.2,False,
SVC,2.725,79313,1.301115241635693,216127.92500000002,0.06000000000000005,2025-08-27T00:00:00-04:00,,52764.6,0.09400000000000013,False,
AIOT,4.81,78314,2.7777777777777755,376690.33999999997,0.1750000000000007,2025-08-27T00:00:00-04:00,,62013.0,0.19300000000000034,False,
ASTL,4.93,76102,-0.8048289738430591,375182.86,0.11000000000000032,2025-08-27T00:00:00-04:00,,89930.0,0.2620000000000001,False,
OMEX,1.92,75856,9.401709401709404,145643.52,0.15999999999999992,2025-08-27T00:00:00-04:00,,55269.8,0.14300000000000002,False,
KITT,0.9766,71642,2.6487281900357367,69965.5772,0.20669999999999988,2025-08-27T00:00:00-04:00,,29708.8,0.08701999999999999,False,
ABUS,3.65,70601,-0.1367989056087522,257693.65,0.07500000000000018,2025-08-27T00:00:00-04:00,,63691.6,0.11500000000000003,False,
LAES,2.735,66970,-3.5273368606701974,183162.94999999998,0.1200000000000001,2025-08-27T00:00:00-04:00,,82899.0,0.12300000000000004,False,
DEVS,2.63,65846,19.27437641723355,173174.97999999998,1.8000000000000003,2025-08-27T00:00:00-04:00,,13431.2,0.41500000000000015,False,
CRBU,1.98,65679,-0.5025125628140708,130044.42,0.19000000000000017,2025-08-27T00:00:00-04:00,,34988.2,0.11499999999999999,False,
HNST,3.975,64691,2.1850899742930583,257146.725,0.10000000000000009,2025-08-27T00:00:00-04:00,,143162.8,0.14900000000000002,False,
ANNX,2.12,63765,-1.3953488372092933,135181.80000000002,0.1200000000000001,2025-08-27T00:00:00-04:00,,58049.6,0.12400000000000003,False,
MBOT,4.05,62857,4.651162790697667,254570.84999999998,0.3250000000000002,2025-08-27T00:00:00-04:00,,118106.0,0.46900000000000003,False,
ABSI,2.54,62838,-0.1964636542239644,159608.52,0.06499999999999995,2025-08-27T00:00:00-04:00,,98939.8,0.10600000000000005,False,
CLNE,2.635,61413,1.5414258188824506,161823.25499999998,0.04499999999999993,2025-08-27T00:00:00-04:00,,53398.0,0.0830000000000001,False,
ARBE,1.4,61254,0.7194244604316554,85755.59999999999,0.07000000000000006,2025-08-27T00:00:00-04:00,,45579.4,0.08000000000000003,False,
MVIS,1.13,61126,1.345291479820619,69072.37999999999,0.029999999999999805,2025-08-27T00:00:00-04:00,,66357.4,0.03299999999999996,False,
FNKO,3.355,60603,7.877813504823155,203323.065,0.2450000000000001,2025-08-27T00:00:00-04:00,,114524.8,0.20700000000000013,False,
BTCS,4.26,59339,-3.071672354948801,252784.13999999998,0.09499999999999975,2025-08-27T00:00:00-04:00,,66616.2,0.3109999999999998,False,
MAPS,1.19,58512,1.2765957446808427,69629.28,0.04500000000000015,2025-08-27T00:00:00-04:00,,22747.2,0.05,False,
OGI,1.67,56295,1.2121212121212133,94012.65,0.06000000000000005,2025-08-27T00:00:00-04:00,,70155.2,0.050999999999999976,False,
BRY,3.235,55677,0.6220839813374812,180115.095,0.10999999999999988,2025-08-27T00:00:00-04:00,,52901.0,0.11999999999999993,False,
HITI,3.61,53793,3.43839541547277,194192.72999999998,0.14000000000000012,2025-08-27T00:00:00-04:00,,61348.2,0.25200000000000006,False,
ACDC,4.16,51475,3.2258064516129004,214136.0,0.2400000000000002,2025-08-27T00:00:00-04:00,,74105.8,0.2520000000000002,False,
DEFT,2.14,51134,-3.1674208144796308,109426.76000000001,0.09499999999999975,2025-08-27T00:00:00-04:00,,102215.4,0.09099999999999983,False,
OVID,1.26,49819,4.132231404958682,62771.94,0.14000000000000012,2025-08-27T00:00:00-04:00,,44093.0,0.10636000000000008,False,
CDLX,1.04,49637,0.0,51622.48,0.08500000000000019,2025-08-27T00:00:00-04:00,,59697.2,0.07124000000000004,False,
MREO,1.75,48080,-0.28490028490027886,84140.0,0.05499999999999994,2025-08-27T00:00:00-04:00,,80579.4,0.05299999999999998,False,
OPK,1.425,48004,2.1505376344086042,68405.7,0.03499999999999992,2025-08-27T00:00:00-04:00,,75705.4,0.03299999999999996,False,
AIFF,2.63,47833,-3.308823529411776,125800.79,0.17499999999999982,2025-08-27T00:00:00-04:00,,242478.4,0.2619999999999999,False,
CMPX,3.28,46312,4.126984126984123,151903.36,0.2150000000000003,2025-08-27T00:00:00-04:00,,56610.6,0.14699999999999996,False,
OCGN,1.045,45756,0.0,47815.02,0.020000000000000018,2025-08-27T00:00:00-04:00,,31892.6,0.03300000000000005,False,
MGNX,1.73,45134,-4.15512465373961,78081.81999999999,0.13000000000000012,2025-08-27T00:00:00-04:00,,42605.4,0.13400000000000006,False,
EGHT,1.905,44433,2.4193548387096735,84644.865,0.040000000000000036,2025-08-27T00:00:00-04:00,,37453.6,0.06999999999999998,False,
OXLC,3.675,44162,-0.6756756756756852,162295.35,0.04999999999999982,2025-08-27T00:00:00-04:00,,175262.4,0.0669999999999999,False,
LPTH,4.8,43882,-2.4390243902439046,210633.6,0.3099999999999996,2025-08-27T00:00:00-04:00,,67709.0,0.4219999999999998,False,
LUCD,1.27,43155,7.172995780590714,54806.85,0.10000000000000009,2025-08-27T00:00:00-04:00,,30540.6,0.06299999999999999,False,
LPSN,1.095,42557,2.3364485981308327,46599.915,0.020000000000000018,2025-08-27T00:00:00-04:00,,57462.8,0.04999999999999991,False,
LAB,1.28,42405,-0.7751937984496131,54278.4,0.09000000000000008,2025-08-27T00:00:00-04:00,,59722.6,0.06600000000000002,False,
GSM,4.24,42077,-3.1963470319634633,178406.48,0.09499999999999975,2025-08-27T00:00:00-04:00,,47511.2,0.13500000000000015,False,
NIU,4.51,41001,-9.072580645161294,184914.50999999998,0.2999999999999998,2025-08-27T00:00:00-04:00,,30464.4,0.22899999999999993,False,
LXRX,1.135,40189,0.0,45614.515,0.02499999999999991,2025-08-27T00:00:00-04:00,,36795.8,0.038999999999999965,False,
CTMX,2.07,39271,2.4752475247524663,81290.96999999999,0.04999999999999982,2025-08-27T00:00:00-04:00,,137618.4,0.12500000000000014,False,
PROK,2.485,38757,4.631578947368416,96311.14499999999,0.1499999999999999,2025-08-27T00:00:00-04:00,,27664.6,0.11500000000000003,False,
CMPS,4.71,38453,-1.1542497376705083,181113.63,0.15500000000000025,2025-08-27T00:00:00-04:00,,94140.6,0.292,False,
CNDT,2.855,38285,0.5281690140845114,109303.675,0.1200000000000001,2025-08-27T00:00:00-04:00,,45620.8,0.125,False,
RMTI,1.47,37732,17.599999999999998,55466.04,0.1299999999999999,2025-08-27T00:00:00-04:00,,37366.0,0.17499999999999996,False,
AVIR,3.6,37645,-1.6393442622950833,135522.0,0.1200000000000001,2025-08-27T00:00:00-04:00,,62718.8,0.14000000000000012,False,
CTKB,4.095,37174,-1.798561151079141,152227.53,0.16999999999999993,2025-08-27T00:00:00-04:00,,45718.6,0.15099999999999988,False,
TNYA,1.105,35472,2.3148148148148064,39196.56,0.04499999999999993,2025-08-27T00:00:00-04:00,,35915.4,0.06600000000000002,False,
PEPG,1.25,34983,-2.343750000000002,43728.75,0.07000000000000006,2025-08-27T00:00:00-04:00,,13991.4,0.051000000000000024,False,
CHRS,1.145,34862,1.3274336283185952,39916.99,0.05499999999999994,2025-08-27T00:00:00-04:00,,51814.8,0.06999999999999998,False,
CDZI,3.67,34241,-0.8108108108108174,125664.47,0.11000000000000032,2025-08-27T00:00:00-04:00,,31953.4,0.1290000000000001,False,
PLCE,4.62,33281,4.761904761904761,153758.22,0.4249999999999998,2025-08-27T00:00:00-04:00,,21875.8,0.24899999999999983,False,
ZNTL,1.82,33153,-1.0869565217391313,60338.46,0.19500000000000006,2025-08-27T00:00:00-04:00,,51576.4,0.19800000000000004,False,
HRTX,1.37,33024,-3.1802120141342707,45242.880000000005,0.05499999999999994,2025-08-27T00:00:00-04:00,,75911.2,0.05499999999999994,False,
LPRO,2.08,32566,-1.8867924528301903,67737.28,0.04999999999999982,2025-08-27T00:00:00-04:00,,52682.6,0.11999999999999997,False,
BMR,3.035,32056,2.0168067226890773,97289.96,0.6200000000000001,2025-08-27T00:00:00-04:00,,7473.0,0.1849999999999999,False,
ALEC,2.39,31699,1.0570824524312858,75760.61,0.15500000000000025,2025-08-27T00:00:00-04:00,,46655.6,0.179,False,
ALMS,4.915,30806,2.8242677824267735,151411.49,0.16999999999999993,2025-08-27T00:00:00-04:00,,26330.8,0.1990000000000002,False,
LASE,4.465,29487,-19.7663971248877,131659.455,1.2200000000000006,2025-08-27T00:00:00-04:00,,31869.6,1.0710000000000002,False,
BYND,2.595,29211,4.008016032064131,75802.54500000001,0.14000000000000012,2025-08-27T00:00:00-04:00,,51142.6,0.1410000000000001,False,
CABA,1.495,28877,-1.644736842105257,43171.115000000005,0.07000000000000006,2025-08-27T00:00:00-04:00,,27949.0,0.071,False,
CRDF,2.18,28729,-1.3574660633484075,62629.22,0.06999999999999984,2025-08-27T00:00:00-04:00,,45611.0,0.083,False,
CCLD,3.71,28407,0.8152173913043425,105389.97,0.23499999999999988,2025-08-27T00:00:00-04:00,,23048.2,0.213,False,
ORGO,4.84,27855,0.41493775933609073,134818.19999999998,0.25,2025-08-27T00:00:00-04:00,,28122.8,0.20999999999999996,False,
BLDE,4.58,27670,0.2188183807439778,126728.6,0.16999999999999993,2025-08-27T00:00:00-04:00,,29645.2,0.15099999999999997,False,
DHC,3.8,27302,1.0638297872340436,103747.59999999999,0.07500000000000018,2025-08-27T00:00:00-04:00,,34735.6,0.12500000000000008,False,
OLPX,1.465,26724,1.0344827586206984,39150.66,0.07499999999999996,2025-08-27T00:00:00-04:00,,45749.2,0.081,False,
BZAI,4.04,26577,4.12371134020619,107371.08,0.3099999999999996,2025-08-27T00:00:00-04:00,,38871.4,0.30399999999999994,False,
OABI,1.615,26467,0.9374999999999939,42744.205,0.06499999999999995,2025-08-27T00:00:00-04:00,,35928.2,0.12999999999999998,False,
OMER,4.255,26442,-2.853881278538813,112510.70999999999,0.19500000000000028,2025-08-27T00:00:00-04:00,,38040.0,0.21799999999999997,False,
CCCC,2.59,25668,0.7782101167315182,66480.12,0.06999999999999984,2025-08-27T00:00:00-04:00,,37810.0,0.13399999999999998,False,
HKPD,1.565,25424,8.680555555555555,39788.56,0.15500000000000003,2025-08-27T00:00:00-04:00,,131335.8,0.308,False,
LRMR,3.895,25288,0.9067357512953406,98496.76,0.14500000000000002,2025-08-27T00:00:00-04:00,,38090.4,0.20800000000000002,False,
NNDM,1.44,24973,1.4084507042253533,35961.119999999995,0.03500000000000014,2025-08-27T00:00:00-04:00,,30724.6,0.04800000000000004,False,
FATE,1.115,24533,0.4504504504504408,27354.295,0.03499999999999992,2025-08-27T00:00:00-04:00,,66118.0,0.06199999999999992,False,
BDTX,2.88,24510,-0.518134715025911,70588.8,0.08000000000000007,2025-08-27T00:00:00-04:00,,42496.4,0.14899999999999994,False,
HYMC,4.18,23705,2.7027027027026884,99086.9,0.16999999999999993,2025-08-27T00:00:00-04:00,,21913.6,0.24099999999999983,False,
EDIT,2.67,23418,-2.1978021978021998,62526.06,0.09999999999999964,2025-08-27T00:00:00-04:00,,59339.0,0.12499999999999982,False,
NCMI,4.32,22859,-0.23094688221708512,98750.88,0.0699999999999994,2025-08-27T00:00:00-04:00,,39513.2,0.17099999999999974,False,
CCG,0.8276,22514,-4.873563218390804,18632.5864,0.12379999999999991,2025-08-27T00:00:00-04:00,,6337.0,0.05471999999999999,False,
ABVE,1.88,22487,0.5347593582887586,42275.56,0.10999999999999988,2025-08-27T00:00:00-04:00,,15230.0,0.12399999999999997,False,
ACRS,1.83,22333,1.3850415512465448,40869.39,0.040000000000000036,2025-08-27T00:00:00-04:00,,30231.4,0.053000000000000116,False,
FLD,3.74,22020,4.1782729805014025,82354.8,0.28500000000000014,2025-08-27T00:00:00-04:00,,25030.6,0.22300000000000003,False,
VTYX,2.515,21660,1.8218623481781346,54474.9,0.07500000000000018,2025-08-27T00:00:00-04:00,,21904.8,0.12200000000000007,False,
ELDN,2.59,21653,-0.7662835249042153,56081.27,0.07500000000000018,2025-08-27T00:00:00-04:00,,29604.4,0.08100000000000004,False,
HAIN,1.805,21302,1.9774011299434981,38450.11,0.06999999999999984,2025-08-27T00:00:00-04:00,,41260.2,0.08699999999999997,False,
TRUE,2.13,21141,7.575757575757572,45030.329999999994,0.1299999999999999,2025-08-27T00:00:00-04:00,,19891.4,0.09599999999999995,False,
PDSB,1.29,20857,0.0,26905.530000000002,0.05500000000000016,2025-08-27T00:00:00-04:00,,32764.2,0.06800000000000006,False,
ADV,1.835,20839,2.5139664804469235,38239.565,0.07500000000000018,2025-08-27T00:00:00-04:00,,39687.0,0.11200000000000006,False,
GUTS,1.0,20662,0.0,20662.0,0.02399999999999991,2025-08-27T00:00:00-04:00,,27425.0,0.03427999999999998,False,
CMRC,4.73,20353,2.9379760609358145,96269.69,0.125,2025-08-27T00:00:00-04:00,,29191.8,0.18900000000000006,False,
LTRX,3.79,20158,3.5519125683060078,76398.82,0.2599999999999998,2025-08-27T00:00:00-04:00,,13759.0,0.19799999999999995,False,
MURA,2.065,19958,0.24271844660193656,41213.27,0.004999999999999893,2025-08-27T00:00:00-04:00,,18226.6,0.013999999999999967,False,
VCIG,0.8365,19747,-11.71503957783641,16518.3655,0.0504,2025-08-27T00:00:00-04:00,,31189.0,0.11398000000000001,False,
BTM,3.85,19733,0.7853403141361323,75972.05,0.10499999999999998,2025-08-27T00:00:00-04:00,,30229.2,0.12200000000000007,False,
XFOR,4.235,19659,-7.532751091703051,83255.865,0.5749999999999993,2025-08-27T00:00:00-04:00,,31143.8,0.6579999999999998,False,
SAVA,2.33,18588,3.0973451327433756,43310.04,0.10499999999999998,2025-08-27T00:00:00-04:00,,16635.2,0.07800000000000003,False,
ERAS,1.585,18117,-0.9375000000000078,28715.445,0.03500000000000014,2025-08-27T00:00:00-04:00,,29334.2,0.06400000000000006,False,
MOGO,1.93,17701,3.763440860215045,34162.93,0.08999999999999986,2025-08-27T00:00:00-04:00,,10776.6,0.07599999999999998,False,
API,3.53,17177,-0.2824858757062212,60634.81,0.04999999999999982,2025-08-27T00:00:00-04:00,,17898.2,0.11299999999999999,False,
GLUE,4.665,16696,-0.42689434364993756,77886.84,0.04999999999999982,2025-08-27T00:00:00-04:00,,16034.6,0.175,False,
DRRX,1.935,16392,0.25906735751295934,31718.52,0.014999999999999902,2025-08-27T00:00:00-04:00,,21668.8,0.019999999999999973,False,
DCGO,1.625,16151,-1.5151515151515098,26245.375,0.04499999999999993,2025-08-27T00:00:00-04:00,,14650.2,0.05899999999999994,False,
UNCY,4.26,16098,0.5903187721369414,68577.48,0.08999999999999986,2025-08-27T00:00:00-04:00,,16086.2,0.16900000000000012,False,
AISP,4.64,15852,-2.7253668763102703,73553.28,0.1349999999999998,2025-08-27T00:00:00-04:00,,10246.6,0.1370000000000001,False,
AMBR,3.88,15836,-3.960396039603964,61443.68,0.5200000000000005,2025-08-27T00:00:00-04:00,,8543.8,0.2880000000000001,False,
HLVX,2.09,15743,-0.47619047619048716,32902.869999999995,0.020000000000000018,2025-08-27T00:00:00-04:00,,24413.0,0.02400000000000002,False,
AMTX,2.58,15719,-2.457466918714554,40555.020000000004,0.08000000000000007,2025-08-27T00:00:00-04:00,,30333.4,0.11200000000000002,False,
WKHS,1.38,15702,-1.7793594306049918,21668.76,0.04999999999999982,2025-08-27T00:00:00-04:00,,17312.6,0.06000000000000005,False,
MNTS,1.43,15482,4.379562043795607,22139.26,0.07000000000000006,2025-08-27T00:00:00-04:00,,19349.6,0.08099999999999996,False,
IRWD,1.265,15439,0.0,19530.335,0.04999999999999982,2025-08-27T00:00:00-04:00,,36815.4,0.08399999999999994,False,
CRDL,1.125,15407,-1.746724890829696,17332.875,0.02499999999999991,2025-08-27T00:00:00-04:00,,16591.4,0.04499999999999997,False,
MXCT,1.405,15256,0.3571428571428654,21434.68,0.03499999999999992,2025-08-27T00:00:00-04:00,,52517.0,0.04599999999999995,False,
ARAY,1.57,14962,0.6410256410256416,23490.34,0.02499999999999991,2025-08-27T00:00:00-04:00,,18530.0,0.03600000000000003,False,
CRNT,2.02,14674,-0.24691358024690832,29641.48,0.025000000000000355,2025-08-27T00:00:00-04:00,,15188.2,0.05,False,
FLYE,0.7791,14573,0.8282645269833003,11353.8243,0.027000000000000024,2025-08-27T00:00:00-04:00,,32056.4,0.10298,False,
DH,4.05,14261,3.3163265306122423,57757.049999999996,0.125,2025-08-27T00:00:00-04:00,,19118.2,0.14799999999999985,False,
LUNG,1.865,13746,4.775280898876402,25636.29,0.07000000000000006,2025-08-27T00:00:00-04:00,,35180.6,0.13100000000000006,False,
CURI,4.37,13596,-1.5765765765765827,59414.520000000004,0.11000000000000032,2025-08-27T00:00:00-04:00,,18975.8,0.14200000000000035,False,
ALXO,1.23,12639,10.313901345291479,15545.97,0.125,2025-08-27T00:00:00-04:00,,14372.8,0.11009999999999995,False,
NKTX,2.25,12557,1.8099547511312233,28253.25,0.04999999999999982,2025-08-27T00:00:00-04:00,,20468.0,0.10200000000000005,False,
EHTH,3.88,12191,0.7792207792207742,47301.08,0.054999999999999716,2025-08-27T00:00:00-04:00,,18932.4,0.18399999999999989,False,
AGEN,4.555,11574,-1.6198704103671746,52719.57,0.08000000000000007,2025-08-27T00:00:00-04:00,,12225.0,0.18700000000000028,False,
ALM,4.205,11356,-1.7523364485981348,47751.98,0.10000000000000053,2025-08-27T00:00:00-04:00,,14429.2,0.16100000000000003,False,
KLRS,3.025,11117,19.09448818897637,33628.924999999996,0.54,2025-08-27T00:00:00-04:00,,3122.0,0.17800000000000002,False,
KLTR,1.59,10693,-1.2422360248447215,17001.870000000003,0.05499999999999994,2025-08-27T00:00:00-04:00,,12306.8,0.07699999999999996,False,
NMRA,1.76,10430,1.4409221902017237,18356.8,0.04499999999999993,2025-08-27T00:00:00-04:00,,13300.6,0.07899999999999992,False,
SSKN,2.09,10415,23.668639053254434,21767.35,0.6349999999999998,2025-08-27T00:00:00-04:00,,2103.6,0.12699999999999995,False,
ATOM,3.4,10245,0.740740740740738,34833.0,0.0950000000000002,2025-08-27T00:00:00-04:00,,10096.8,0.13400000000000006,False,
LXEO,4.875,9903,0.10266940451745162,48277.125,0.16999999999999993,2025-08-27T00:00:00-04:00,,14081.6,0.25000000000000017,False,
MDAI,2.09,9889,2.7027027027026884,20668.01,0.1499999999999999,2025-08-27T00:00:00-04:00,,6828.2,0.08600000000000003,False,
FBIO,2.36,9813,-0.421940928270052,23158.68,0.1200000000000001,2025-08-27T00:00:00-04:00,,10852.6,0.15600000000000014,False,
MERC,3.245,9723,0.0,31551.135000000002,0.04999999999999982,2025-08-27T00:00:00-04:00,,31229.0,0.11699999999999999,False,
CLYM,2.285,9696,-1.720430107526883,22155.36,0.18000000000000016,2025-08-27T00:00:00-04:00,,22846.8,0.15899999999999997,False,
TTEC,3.66,9650,-1.3477088948787015,35319.0,0.10000000000000009,2025-08-27T00:00:00-04:00,,13921.6,0.1450000000000001,False,
CMMB,3.47,9575,289.0134529147983,33225.25,0.3200000000000003,2025-08-27T00:00:00-04:00,,2721.0,0.07592000000000006,False,
FOSL,3.08,9369,3.35570469798658,28856.52,0.125,2025-08-27T00:00:00-04:00,,14623.8,0.17299999999999988,False,
FTEK,2.89,9191,-7.667731629392964,26561.99,0.2849999999999997,2025-08-27T00:00:00-04:00,,6211.2,0.14599999999999982,False,
GSIT,3.025,9108,-5.172413793103449,27551.7,0.16000000000000014,2025-08-27T00:00:00-04:00,,8632.0,0.09800000000000005,False,
MRKR,0.94,8314,-7.389162561576351,7815.16,0.06899999999999995,2025-08-27T00:00:00-04:00,,94523.0,0.12580000000000005,False,
OXSQ,2.19,8207,-0.680272108843543,17973.329999999998,0.020000000000000018,2025-08-27T00:00:00-04:00,,15292.8,0.02300000000000004,False,
LMFA,1.28,8199,1.5873015873015885,10494.72,0.040000000000000036,2025-08-27T00:00:00-04:00,,6162.4,0.044,False,
BRLT,2.83,8101,2.1660649819494604,22925.83,0.21499999999999986,2025-08-27T00:00:00-04:00,,4552.4,0.19399999999999987,False,
AIIO,1.39,8033,1.4598540145985253,11165.869999999999,0.14500000000000002,2025-08-27T00:00:00-04:00,,3553.6,0.10300000000000002,False,
SAFX,1.29,7844,-1.9011406844106398,10118.76,0.07000000000000006,2025-08-27T00:00:00-04:00,,9893.8,0.09,False,
MNTK,2.195,7676,0.22831050228310015,16848.82,0.06000000000000005,2025-08-27T00:00:00-04:00,,9598.2,0.09100000000000011,False,
DXLG,1.315,7648,-0.3787878787878875,10057.119999999999,0.07000000000000006,2025-08-27T00:00:00-04:00,,3855.6,0.04900000000000002,False,
CURX,4.74,7399,14.216867469879514,35071.26,0.7050000000000001,2025-08-27T00:00:00-04:00,,,,False,
NRSN,1.12,7310,0.0,8187.200000000001,0.07999999999999985,2025-08-27T00:00:00-04:00,,2555.0,0.040999999999999884,False,
BMEA,1.88,7286,3.296703296703287,13697.679999999998,0.029999999999999805,2025-08-27T00:00:00-04:00,,9068.0,0.06699999999999995,False,
CAPS,1.26,7200,-9.352517985611504,9072.0,0.14000000000000012,2025-08-27T00:00:00-04:00,,510347.4,0.17499999999999996,False,
HEPS,2.835,6990,-0.5263157894736885,19816.65,0.054999999999999716,2025-08-27T00:00:00-04:00,,7254.4,0.06499999999999995,False,
NOTV,1.755,6838,1.1527377521613713,12000.689999999999,0.030000000000000027,2025-08-27T00:00:00-04:00,,6064.6,0.08400000000000003,False,
FGL,1.31,6802,3.9682539682539715,8910.62,0.11999999999999988,2025-08-27T00:00:00-04:00,,1705.4,0.025999999999999978,False,
GANX,1.86,6798,-3.626943005181339,12644.28,0.07999999999999985,2025-08-27T00:00:00-04:00,,5987.4,0.11299999999999999,False,
BZUN,2.85,6630,-5.629139072847679,18895.5,0.08999999999999986,2025-08-27T00:00:00-04:00,,5479.8,0.08800000000000008,False,
USEG,1.19,6388,-1.6528925619834725,7601.719999999999,0.04500000000000015,2025-08-27T00:00:00-04:00,,3164.8,0.025000000000000043,False,
ANTE,3.37,6326,23.217550274223044,21318.62,0.6699999999999999,2025-08-27T00:00:00-04:00,,17699.6,0.889,False,
OXBR,2.325,6257,25.67567567567568,14547.525000000001,0.4800000000000002,2025-08-27T00:00:00-04:00,,1411.0,0.10200000000000005,False,
IPA,2.64,6115,-3.296703296703291,16143.6,0.1599999999999997,2025-08-27T00:00:00-04:00,,14428.8,0.32199999999999995,False,
PMVP,1.42,5958,-0.6993006993007,8460.359999999999,0.050000000000000044,2025-08-27T00:00:00-04:00,,4297.8,0.04499999999999997,False,
BSGM,4.77,5939,-9.65909090909092,28329.03,0.4500000000000002,2025-08-27T00:00:00-04:00,,10594.0,0.40100000000000013,False,
BIOA,4.75,5922,3.9387308533916783,28129.5,0.08999999999999986,2025-08-27T00:00:00-04:00,,3943.2,0.05899999999999998,False,
NVFY,2.0,5588,-1.4778325123152616,11176.0,0.07500000000000018,2025-08-27T00:00:00-04:00,,3335.8,0.13599999999999998,False,
IINN,1.165,5368,-0.8510638297872347,6253.72,0.030000000000000027,2025-08-27T00:00:00-04:00,,46653.8,0.06600000000000006,False,
BEEM,2.81,5360,-4.74576271186441,15061.6,0.15500000000000025,2025-08-27T00:00:00-04:00,,5941.0,0.1570000000000001,False,
FUFU,3.91,5351,0.6435006435006526,20922.41,0.125,2025-08-27T00:00:00-04:00,,9151.8,0.187,False,
OSRH,0.8973,5306,-7.4948453608247405,4761.0738,0.05579999999999996,2025-08-27T00:00:00-04:00,,207106.8,0.09699999999999998,False,
AUUD,2.44,5175,-3.5573122529644214,12627.0,0.0900000000000003,2025-08-27T00:00:00-04:00,,4526.8,0.16400000000000006,False,
BLNK,1.045,5158,3.4653465346534573,5390.11,0.06499999999999995,2025-08-27T00:00:00-04:00,,20142.4,0.03614000000000002,False,
IKT,1.8,5111,-2.9649595687331503,9199.800000000001,0.020000000000000018,2025-08-27T00:00:00-04:00,,6406.0,0.08600000000000003,False,
NXL,0.807,5061,-4.688791779851182,4084.2270000000003,0.10009999999999997,2025-08-27T00:00:00-04:00,,50398.4,0.13513999999999998,False,
UFG,4.41,4933,2.08333333333333,21754.530000000002,0.0699999999999994,2025-08-27T00:00:00-04:00,,5999.4,0.24599999999999972,False,
TKNO,4.445,4838,-2.735229759299781,21504.91,0.16500000000000004,2025-08-27T00:00:00-04:00,,4303.6,0.17600000000000016,False,
ACRV,1.37,4768,3.0075187969924837,6532.160000000001,0.050000000000000044,2025-08-27T00:00:00-04:00,,4138.6,0.039000000000000014,False,
MIRA,1.385,4721,-1.0714285714285645,6538.585,0.010000000000000009,2025-08-27T00:00:00-04:00,,3222.0,0.031000000000000007,False,
ACTG,3.285,4700,-0.15197568389057428,15439.5,0.040000000000000036,2025-08-27T00:00:00-04:00,,6078.8,0.05900000000000007,False,
AMPG,3.08,4636,-3.296703296703296,14278.880000000001,0.1200000000000001,2025-08-27T00:00:00-04:00,,7312.0,0.15,False,
BAER,2.05,4584,1.9900497512437831,9397.199999999999,0.06999999999999984,2025-08-27T00:00:00-04:00,,3621.6,0.08499999999999992,False,
LGVN,0.8282,4571,1.4081057916003508,3785.7022,0.015599999999999947,2025-08-27T00:00:00-04:00,,5632.4,0.01635999999999995,False,
MDCX,2.05,4500,0.49019607843136215,9225.0,0.10000000000000009,2025-08-27T00:00:00-04:00,,4321.6,0.1630000000000001,False,
AIRJ,4.83,4476,0.6250000000000052,21619.08,0.21499999999999986,2025-08-27T00:00:00-04:00,,5430.4,0.17699999999999996,False,
IMMX,1.98,4354,-6.603773584905666,8620.92,0.1200000000000001,2025-08-27T00:00:00-04:00,,3962.0,0.10999999999999996,False,
RDNW,3.41,4326,-2.011494252873559,14751.66,0.19999999999999973,2025-08-27T00:00:00-04:00,,5619.8,0.23999999999999985,False,
EDAP,1.62,4231,5.537459283387634,6854.22,0.125,2025-08-27T00:00:00-04:00,,1388.6,0.03599999999999999,False,
KYTX,3.72,4198,-1.0638297872340319,15616.560000000001,0.16000000000000014,2025-08-27T00:00:00-04:00,,6374.6,0.21600000000000003,False,
ALTI,4.345,4111,-1.2500000000000135,17862.295,0.055000000000000604,2025-08-27T00:00:00-04:00,,4621.8,0.11600000000000019,False,
CETX,1.23,4034,-1.9920318725099533,4961.82,0.030000000000000027,2025-08-27T00:00:00-04:00,,6651.8,0.049000000000000064,False,
TLSA,1.82,3839,-3.191489361702119,6986.9800000000005,0.09999999999999987,2025-08-27T00:00:00-04:00,,6482.4,0.11699999999999995,False,
AWRE,2.21,3830,-9.053497942386839,8464.3,0.25,2025-08-27T00:00:00-04:00,,968.8,0.06400000000000006,False,
SKYX,1.19,3819,-2.0576131687242905,4544.61,0.03500000000000014,2025-08-27T00:00:00-04:00,,4757.8,0.028000000000000025,False,
BZFD,1.99,3814,-0.9950248756218805,7589.86,0.05499999999999994,2025-08-27T00:00:00-04:00,,3567.2,0.051999999999999956,False,
PMEC,1.5,3754,11.94029850746268,5631.0,0.26,2025-08-27T00:00:00-04:00,,6763.0,0.17800000000000002,False,
MGX,1.88,3739,0.0,7029.32,0.05999999999999983,2025-08-27T00:00:00-04:00,,5711.2,0.06599999999999992,False,
GMGI,1.29,3646,1.5748031496063006,4703.34,0.03500000000000014,2025-08-27T00:00:00-04:00,,9056.6,0.10200000000000001,False,
CSTE,1.485,3623,-0.3355704697986506,5380.155000000001,0.08000000000000007,2025-08-27T00:00:00-04:00,,2797.4,0.06500000000000003,False,
HTZWW,3.18,3621,3.583061889250825,11514.78,0.18500000000000005,2025-08-27T00:00:00-04:00,,1453.8,0.088,False,
CRE,0.8046,3550,18.93569844789357,2856.33,0.13259999999999994,2025-08-27T00:00:00-04:00,,3495.8,0.06459999999999996,False,
ATOS,0.7645,3474,-1.6087516087516174,2655.873,0.018299999999999983,2025-08-27T00:00:00-04:00,,4065.2,0.014939999999999998,False,
FLL,3.79,3393,1.8817204301075225,12859.47,0.08999999999999986,2025-08-27T00:00:00-04:00,,7049.0,0.10399999999999991,False,
CGEN,1.455,3373,1.0416666666666752,4907.715,0.030000000000000027,2025-08-27T00:00:00-04:00,,3612.4,0.041999999999999996,False,
ISPR,3.13,3324,5.033557046979863,10404.119999999999,0.3700000000000001,2025-08-27T00:00:00-04:00,,2122.6,0.14000000000000004,False,
BGFV,1.42,3277,0.0,4653.34,0.0050000000000001155,2025-08-26T00:00:00-04:00,,1710.8,0.001000000000000023,False,
GRWG,1.69,3276,-7.397260273972603,5536.44,0.14000000000000012,2025-08-27T00:00:00-04:00,,6458.4,0.11100000000000007,False,
MYSZ,1.205,3265,2.5531914893617045,3934.3250000000003,0.004999999999999893,2025-08-27T00:00:00-04:00,,720.2,0.0009999999999999788,False,
BTMD,3.37,3224,1.5060240963855502,10864.880000000001,0.06000000000000005,2025-08-27T00:00:00-04:00,,4928.8,0.10400000000000001,False,
EVO,3.51,3190,0.28571428571427965,11196.9,0.04499999999999993,2025-08-27T00:00:00-04:00,,1163.0,0.014999999999999857,False,
MGRX,1.995,3187,9.615384615384617,6358.0650000000005,0.20499999999999985,2025-08-27T00:00:00-04:00,,2195.2,0.11000000000000001,False,
MATH,2.785,3137,-2.792321116928449,8736.545,0.17499999999999982,2025-08-27T00:00:00-04:00,,1945.6,0.10199999999999995,False,
WKSP,3.11,3110,3.6666666666666625,9672.1,0.19500000000000028,2025-08-27T00:00:00-04:00,,1511.6,0.10500000000000016,False,
MAXN,3.78,3107,-6.896551724137927,11744.46,0.3599999999999999,2025-08-27T00:00:00-04:00,,2381.6,0.29800000000000004,False,
BNZI,3.205,3071,-2.583586626139817,9842.555,0.06999999999999984,2025-08-27T00:00:00-04:00,,2115.2,0.10299999999999984,False,
CRIS,1.63,3038,-1.8072289156626522,4951.94,0.06000000000000005,2025-08-27T00:00:00-04:00,,2069.8,0.07400000000000002,False,
ELAB,1.98,3033,-2.4630541871921094,6005.34,0.1299999999999999,2025-08-27T00:00:00-04:00,,351405.6,0.34600000000000003,False,
MAGH,1.29,3012,8.403361344537823,3885.48,0.17000000000000015,2025-08-26T00:00:00-04:00,,2080.2,0.06399999999999997,False,
NVX,1.46,3006,6.5693430656934195,4388.76,0.07000000000000006,2025-08-27T00:00:00-04:00,,1791.6,0.03499999999999996,False,
OPAL,2.29,3000,-2.9661016949152477,6870.0,0.06999999999999984,2025-08-27T00:00:00-04:00,,5371.8,0.05999999999999996,False,
CAPT,0.9751,2977,-6.240384615384622,2902.8727,0.030000000000000027,2025-08-27T00:00:00-04:00,,1585.6,0.053000000000000026,False,
AVR,3.69,2935,-2.1220159151193654,10830.15,0.20500000000000007,2025-08-27T00:00:00-04:00,,3543.0,0.20800000000000002,False,
HIT,2.785,2895,-8.388157894736839,8062.575000000001,0.28000000000000025,2025-08-27T00:00:00-04:00,,4044.4,0.289,False,
HFFG,3.47,2854,-0.28735632183907434,9903.380000000001,0.14000000000000012,2025-08-27T00:00:00-04:00,,2874.2,0.10700000000000003,False,
TARA,3.23,2810,2.539682539682542,9076.3,0.08000000000000007,2025-08-27T00:00:00-04:00,,5083.4,0.09399999999999994,False,
WALD,1.615,2807,1.89274447949527,4533.305,0.05999999999999983,2025-08-27T00:00:00-04:00,,14264.2,0.11899999999999995,False,
YYAI,3.255,2767,-17.803030303030305,9006.585,0.8449999999999998,2025-08-27T00:00:00-04:00,,2253.8,0.516,False,
SEED,1.23,2699,11.818181818181808,3319.77,0.11499999999999999,2025-08-26T00:00:00-04:00,,762.0,0.025,False,
SLSN,3.59,2604,1.5558698727015479,9348.359999999999,0.23999999999999977,2025-08-27T00:00:00-04:00,,1240.2,0.09499999999999993,False,
FTHM,1.76,2587,-10.20408163265306,4553.12,0.15999999999999992,2025-08-27T00:00:00-04:00,,21164.6,0.47400000000000003,False,
CSAI,1.61,2585,-0.6172839506172845,4161.85,0.04999999999999982,2025-08-27T00:00:00-04:00,,4095.0,0.10699999999999998,False,
CISO,0.9346,2542,0.9832522960561856,2375.7532,0.016800000000000037,2025-08-27T00:00:00-04:00,,3733.8,0.03304,False,
LIXT,3.5,2532,7.033639143730887,8862.0,0.3599999999999999,2025-08-26T00:00:00-04:00,,2601.2,0.3460000000000001,False,
CVGI,1.78,2525,1.1363636363636374,4494.5,0.015000000000000124,2025-08-27T00:00:00-04:00,,2842.2,0.03400000000000003,False,
JUNS,1.485,2520,1.0204081632653146,3742.2000000000003,0.08000000000000007,2025-08-27T00:00:00-04:00,,2598.2,0.09400000000000008,False,
APM,2.26,2501,-11.718750000000009,5652.259999999999,0.18000000000000016,2025-08-27T00:00:00-04:00,,915289.0,0.6420000000000001,False,
DUO,1.53,2397,-6.990881458966565,3667.41,0.1200000000000001,2025-08-27T00:00:00-04:00,,10583.8,0.23900000000000002,False,
HOWL,1.36,2378,-0.7299270072992706,3234.0800000000004,0.029999999999999805,2025-08-27T00:00:00-04:00,,2732.6,0.036999999999999963,False,
FMST,3.14,2360,-1.2578616352201268,7410.400000000001,0.11500000000000021,2025-08-27T00:00:00-04:00,,1574.8,0.11499999999999995,False,
ACIU,2.06,2315,-0.9615384615384623,4768.900000000001,0.07000000000000028,2025-08-27T00:00:00-04:00,,1439.4,0.05400000000000009,False,
ACET,0.7637,2311,3.6649925342744702,1764.9107000000001,0.01970000000000005,2025-08-27T00:00:00-04:00,,3781.8,0.033560000000000034,False,
NNBR,2.56,2303,5.349794238683122,5895.68,0.18999999999999995,2025-08-27T00:00:00-04:00,,1780.6,0.09000000000000004,False,
BEEP,3.915,2284,-0.8860759493670921,8941.86,0.08499999999999996,2025-08-27T00:00:00-04:00,,1599.2,0.07899999999999982,False,
RPID,2.565,2274,-3.3898305084745712,5832.8099999999995,0.07500000000000018,2025-08-27T00:00:00-04:00,,1359.4,0.12100000000000008,False,
PHUN,2.65,2167,-0.3759398496240688,5742.55,0.03500000000000014,2025-08-27T00:00:00-04:00,,2889.0,0.053000000000000026,False,
BEAT,1.19,2099,2.5862068965517264,2497.81,0.020000000000000018,2025-08-27T00:00:00-04:00,,1197.4,0.014000000000000058,False,
BCDA,1.95,2098,0.5154639175257737,4091.1,0.030000000000000027,2025-08-27T00:00:00-04:00,,1628.8,0.06000000000000001,False,
YORKW,1.385,2049,35.78431372549019,2837.8650000000002,0.20999999999999996,2025-08-27T00:00:00-04:00,,849.6,0.06200000000000001,False,
AGMH,2.02,2035,-22.007722007722002,4110.7,0.5599999999999998,2025-08-27T00:00:00-04:00,,1068.4,0.23799999999999993,False,
AMIX,1.19,2033,2.5862068965517264,2419.27,0.08999999999999986,2025-08-27T00:00:00-04:00,,1457.4,0.051999999999999956,False,
HMR,1.41,2009,-7.236842105263164,2832.69,0.07000000000000006,2025-08-27T00:00:00-04:00,,943.6,0.020000000000000018,False,
YHC,0.9004,1993,2.5162245246498927,1794.4972,0.027699999999999947,2025-08-27T00:00:00-04:00,,2461.0,0.035699999999999975,False,
ADGM,1.65,1981,18.705035971223026,3268.6499999999996,0.15999999999999992,2025-08-27T00:00:00-04:00,,606.0,0.05299999999999998,False,
OKUR,2.83,1976,4.235727440147338,5592.08,0.08000000000000007,2025-08-27T00:00:00-04:00,,1220.2,0.06899999999999995,False,
SFWL,1.12,1953,10.344827586206918,2187.36,0.25,2025-08-27T00:00:00-04:00,,510.2,0.05,False,
BAOS,2.92,1949,0.6896551724137937,5691.08,0.6600000000000001,2025-08-26T00:00:00-04:00,,489.8,0.146,False,
BRAG,2.74,1934,0.9208103130755195,5299.160000000001,0.06999999999999984,2025-08-27T00:00:00-04:00,,1021.0,0.04999999999999991,False,
ATPC,1.4,1921,3.7037037037036904,2689.3999999999996,0.05499999999999994,2025-08-27T00:00:00-04:00,,2034.8,0.051000000000000024,False,
PSHG,1.935,1906,1.5748031496063006,3688.11,0.020000000000000018,2025-08-27T00:00:00-04:00,,3913.0,0.07500000000000004,False,
AIXI,1.61,1894,-12.499999999999998,3049.34,0.11999999999999988,2025-08-27T00:00:00-04:00,,3480.0,0.11000000000000001,False,
FARM,1.94,1889,-2.020202020202022,3664.66,0.17999999999999994,2025-08-27T00:00:00-04:00,,1367.2,0.06899999999999999,False,
OP,1.65,1828,6.109324758842442,3016.2,0.09999999999999987,2025-08-27T00:00:00-04:00,,37622.6,0.05208000000000003,False,
LEXX,0.8845,1827,-5.3605820671945255,1615.9814999999999,0.020100000000000007,2025-08-27T00:00:00-04:00,,2146.6,0.044539999999999955,False,
GOVX,0.7585,1824,-2.743941530965519,1383.504,0.03149999999999997,2025-08-27T00:00:00-04:00,,4481.0,0.02200000000000002,False,
NIPG,2.04,1811,-5.55555555555556,3694.44,0.10999999999999988,2025-08-27T00:00:00-04:00,,1545.4,0.08200000000000003,False,
MRM,1.995,1807,5.000000000000011,3604.965,0.11500000000000021,2025-08-27T00:00:00-04:00,,16747.0,0.11999999999999997,False,
WYHG,1.59,1787,-1.2422360248447215,2841.33,0.015000000000000124,2025-08-27T00:00:00-04:00,,2057.8,0.052000000000000005,False,
FEAM,3.48,1768,-0.571428571428572,6152.64,0.06000000000000005,2025-08-27T00:00:00-04:00,,2209.2,0.1,False,
GENK,3.385,1757,4.798761609907114,5947.445,0.08000000000000007,2025-08-27T00:00:00-04:00,,807.8,0.041000000000000016,False,
CING,4.225,1722,-1.7441860465116321,7275.45,0.14500000000000046,2025-08-27T00:00:00-04:00,,1626.6,0.13800000000000018,False,
ATLN,4.65,1707,1.086956521739146,7937.55,0.45500000000000007,2025-08-26T00:00:00-04:00,,1973.8,0.45199999999999985,False,
FLUX,1.67,1696,1.2121212121212133,2832.3199999999997,0.015000000000000124,2025-08-27T00:00:00-04:00,,1836.4,0.08400000000000003,False,
LTRN,4.03,1681,-11.622807017543847,6774.43,0.3899999999999997,2025-08-27T00:00:00-04:00,,1010.2,0.133,False,
INVE,3.73,1649,0.539083557951483,6150.7699999999995,0.10999999999999988,2025-08-27T00:00:00-04:00,,1155.2,0.0660000000000001,False,
UHG,4.16,1629,-3.703703703703707,6776.64,0.11500000000000021,2025-08-27T00:00:00-04:00,,1511.4,0.1370000000000003,False,
POAI,0.9206,1600,-1.010752688172051,1472.96,0.03720000000000001,2025-08-27T00:00:00-04:00,,559.0,0.010060000000000003,False,
IRD,1.22,1579,3.3898305084745797,1926.3799999999999,0.030000000000000027,2025-08-27T00:00:00-04:00,,781.8,0.03200000000000003,False,
PETS,3.13,1579,2.6229508196721336,4942.2699999999995,0.020000000000000018,2025-08-27T00:00:00-04:00,,1993.8,0.07099999999999991,False,
MNOV,1.38,1567,1.8450184501844953,2162.46,0.06999999999999984,2025-08-27T00:00:00-04:00,,513.4,0.01799999999999997,False,
BIVI,1.61,1563,1.8987341772151913,2516.4300000000003,0.050000000000000044,2025-08-27T00:00:00-04:00,,1468.2,0.04799999999999995,False,
KWM,1.87,1540,-1.0582010582010475,2879.8,0.030000000000000027,2025-08-27T00:00:00-04:00,,3856.8,0.07899999999999996,False,
ADVM,3.04,1523,-3.7974683544303827,4629.92,0.1499999999999999,2025-08-27T00:00:00-04:00,,1803.2,0.11699999999999999,False,
KRMD,4.32,1484,1.1709601873536468,6410.88,0.0,2025-08-27T00:00:00-04:00,,2723.6,0.08999999999999986,False,
NXXT,1.77,1481,1.7241379310344844,2621.37,0.040000000000000036,2025-08-27T00:00:00-04:00,,2703.0,0.10200000000000001,False,
CLRB,4.91,1477,2.9350104821803056,7252.070000000001,0.3000000000000007,2025-08-27T00:00:00-04:00,,894.2,0.19200000000000017,False,
JVA,4.11,1447,-0.9638554216867478,5947.17,0.0699999999999994,2025-08-27T00:00:00-04:00,,667.0,0.04600000000000008,False,
CELU,3.875,1437,-1.2738853503184668,5568.375,0.05500000000000016,2025-08-27T00:00:00-04:00,,566.0,0.041000000000000016,False,
GRCE,3.08,1432,-4.938271604938276,4410.56,0.16500000000000004,2025-08-27T00:00:00-04:00,,2029.4,0.08800000000000008,False,
BJDX,1.36,1422,-4.561403508771926,1933.92,0.05999999999999983,2025-08-26T00:00:00-04:00,,2498.0,0.06699999999999995,False,
KTTA,0.7599,1421,7.665060923774446,1079.8179,0.05070000000000008,2025-08-27T00:00:00-04:00,,509.8,0.010140000000000015,False,
RMCO,2.0,1420,12.359550561797752,2840.0,0.1399999999999999,2025-08-27T00:00:00-04:00,,1273.2,0.13199999999999998,False,
ORMP,2.2,1409,3.286384976525835,3099.8,0.07000000000000028,2025-08-27T00:00:00-04:00,,561.4,0.01800000000000006,False,
LCUT,3.98,1395,-0.9950248756218805,5552.1,0.06499999999999995,2025-08-26T00:00:00-04:00,,1721.6,0.1009999999999998,False,
MTEK,2.6,1390,-2.2556390977443628,3614.0,0.14000000000000012,2025-08-27T00:00:00-04:00,,858.0,0.09100000000000001,False,
BFRI,0.9,1376,-0.4975124378109396,1238.4,0.035800000000000054,2025-08-27T00:00:00-04:00,,19324.6,0.045420000000000016,False,
ZYXI,1.68,1373,1.81818181818182,2306.64,0.020000000000000018,2025-08-27T00:00:00-04:00,,3540.4,0.06499999999999999,False,
BMGL,1.97,1370,-2.4752475247524774,2698.9,0.06000000000000005,2025-08-27T00:00:00-04:00,,1830.2,0.03599999999999999,False,
BRRWW,1.44,1360,7.462686567164169,1958.3999999999999,0.0,2025-08-27T00:00:00-04:00,,352.0,0.0040000000000000036,False,
CLGN,2.965,1334,21.516393442622945,3955.31,0.1549999999999998,2025-08-27T00:00:00-04:00,,506.6,0.09500000000000001,False,
LITM,4.03,1328,2.5445292620865163,5351.84,0.17499999999999982,2025-08-27T00:00:00-04:00,,1507.8,0.18199999999999986,False,
BOSC,4.88,1316,2.3060796645702375,6422.08,0.08499999999999996,2025-08-27T00:00:00-04:00,,1164.2,0.133,False,
CBUS,1.32,1316,-3.6496350364963535,1737.1200000000001,0.040000000000000036,2025-08-27T00:00:00-04:00,,4873.2,0.06999999999999998,False,
MCHX,1.98,1315,-0.5025125628140708,2603.7,0.06999999999999984,2025-08-26T00:00:00-04:00,,577.2,0.03399999999999999,False,
SOND,1.9,1262,-1.0416666666666676,2397.7999999999997,0.06000000000000005,2025-08-27T00:00:00-04:00,,641.2,0.03199999999999994,False,
AIMD,3.8,1259,-1.0416666666666676,4784.2,0.30000000000000027,2025-08-27T00:00:00-04:00,,2495.0,0.14300000000000007,False,
KNDI,1.48,1254,-0.671140939597316,1855.92,0.06000000000000005,2025-08-27T00:00:00-04:00,,1379.2,0.06600000000000002,False,
BYSI,1.8,1231,1.1235955056179785,2215.8,0.025000000000000133,2025-08-27T00:00:00-04:00,,550.2,0.037000000000000054,False,
MESA,1.195,1202,0.8438818565400852,1436.39,0.0,2025-08-26T00:00:00-04:00,,1056.4,0.0030000000000000248,False,
HGBL,1.92,1181,-1.5384615384615399,2267.52,0.040000000000000036,2025-08-26T00:00:00-04:00,,761.4,0.01499999999999999,False,
CPSH,3.46,1151,-5.464480874316944,3982.46,0.08999999999999986,2025-08-27T00:00:00-04:00,,1080.4,0.10600000000000005,False,
LZMH,3.63,1111,2.8328611898017027,4032.93,0.18999999999999995,2025-08-27T00:00:00-04:00,,1305.4,0.08599999999999985,False,
HIHO,1.76,1110,4.14201183431953,1953.6,0.1200000000000001,2025-08-27T00:00:00-04:00,,302.0,0.029000000000000047,False,
KLXE,1.94,1085,-1.52284263959391,2104.9,0.10999999999999988,2025-08-27T00:00:00-04:00,,2121.2,0.060999999999999985,False,
TOUR,0.8576,1081,3.687583121750705,927.0656,0.0,2025-08-27T00:00:00-04:00,,4410.6,0.01619999999999997,False,
CBAT,0.9077,1065,1.0689232824852402,966.7004999999999,0.010000000000000009,2025-08-27T00:00:00-04:00,,923.2,0.019059999999999987,False,
CAMP,1.53,1051,-1.2903225806451624,1608.03,0.05499999999999994,2025-08-27T00:00:00-04:00,,849.0,0.05599999999999996,False,
STAK,1.46,1048,-1.3513513513513526,1530.08,0.10000000000000009,2025-08-27T00:00:00-04:00,,3821.6,0.16100000000000003,False,
CASI,2.25,1047,-2.386117136659443,2355.75,0.09999999999999964,2025-08-27T00:00:00-04:00,,1385.4,0.129,False,
NEPH,4.13,1041,-3.5046728971962695,4299.33,0.2450000000000001,2025-08-26T00:00:00-04:00,,684.2,0.06599999999999984,False,
MJID,1.24,1034,-4.615384615384619,1282.16,0.014999999999999902,2025-08-27T00:00:00-04:00,,13988.0,0.14899999999999997,False,
APVO,1.79,1003,-3.243243243243246,1795.3700000000001,0.050000000000000044,2025-08-27T00:00:00-04:00,,4755.2,0.10599999999999987,False,
